[{"name":"Åland Islands","topLevelDomain":[".ax"],"alpha2Code":"AX","alpha3Code":"ALA","callingCodes":["358"],"capital":"Mariehamn","altSpellings":["AX","Aaland","Aland","Ahvenanmaa"],"relevance":"0","region":"Europe","subregion":"Northern Europe","translations":{"de":"Åland","es":"Alandia","fr":"Åland","ja":"オーランド諸島","it":"Isole Aland"},"population":28875,"latlng":[60.116667,19.9],"demonym":"Ålandish","area":1580.0,"gini":null,"timezones":["UTC+02:00"],"borders":[],"nativeName":"Åland","numericCode":"248","currencies":["EUR"],"languages":["sv"]},{"name":"Albania","topLevelDomain":[".al"],"alpha2Code":"AL","alpha3Code":"ALB","callingCodes":["355"],"capital":"Tirana","altSpellings":["AL","Shqipëri","Shqipëria","Shqipnia"],"relevance":"0","region":"Europe","subregion":"Southern Europe","translations":{"de":"Albanien","es":"Albania","fr":"Albanie","ja":"アルバニア","it":"Albania"},"population":2893005,"latlng":[41.0,20.0],"demonym":"Albanian","area":28748.0,"gini":34.5,"timezones":["UTC+01:00"],"borders":["MNE","GRC","MKD","KOS"],"nativeName":"Shqipëria","numericCode":"008","currencies":["ALL"],"languages":["sq"]},{"name":"Andorra","topLevelDomain":[".ad"],"alpha2Code":"AD","alpha3Code":"AND","callingCodes":["376"],"capital":"Andorra la Vella","altSpellings":["AD","Principality of Andorra","Principat d'Andorra"],"relevance":"0.5","region":"Europe","subregion":"Southern Europe","translations":{"de":"Andorra","es":"Andorra","fr":"Andorre","ja":"アンドラ","it":"Andorra"},"population":76949,"latlng":[42.5,1.5],"demonym":"Andorran","area":468.0,"gini":null,"timezones":["UTC+01:00"],"borders":["FRA","ESP"],"nativeName":"Andorra","numericCode":"020","currencies":["EUR"],"languages":["ca"]},{"name":"Austria","topLevelDomain":[".at"],"alpha2Code":"AT","alpha3Code":"AUT","callingCodes":["43"],"capital":"Vienna","altSpellings":["AT","Österreich","Osterreich","Oesterreich"],"relevance":"0","region":"Europe","subregion":"Western Europe","translations":{"de":"Österreich","es":"Austria","fr":"Autriche","ja":"オーストリア","it":"Austria"},"population":8602112,"latlng":[47.33333333,13.33333333],"demonym":"Austrian","area":83871.0,"gini":26.0,"timezones":["UTC+01:00"],"borders":["CZE","DEU","HUN","ITA","LIE","SVK","SVN","CHE"],"nativeName":"Österreich","numericCode":"040","currencies":["EUR"],"languages":["de"]},{"name":"Belarus","topLevelDomain":[".by"],"alpha2Code":"BY","alpha3Code":"BLR","callingCodes":["375"],"capital":"Minsk","altSpellings":["BY","Bielaruś","Republic of Belarus","Белоруссия","Республика Беларусь","Belorussiya","Respublika Belarus’"],"relevance":"0","region":"Europe","subregion":"Eastern Europe","translations":{"de":"Weißrussland","es":"Bielorrusia","fr":"Biélorussie","ja":"ベラルーシ","it":"Bielorussia"},"population":9485300,"latlng":[53.0,28.0],"demonym":"Belarusian","area":207600.0,"gini":26.5,"timezones":["UTC+03:00"],"borders":["LVA","LTU","POL","RUS","UKR"],"nativeName":"Белару́сь","numericCode":"112","currencies":["BYR"],"languages":["be","ru"]},{"name":"Belgium","topLevelDomain":[".be"],"alpha2Code":"BE","alpha3Code":"BEL","callingCodes":["32"],"capital":"Brussels","altSpellings":["BE","België","Belgie","Belgien","Belgique","Kingdom of Belgium","Koninkrijk België","Royaume de Belgique","Königreich Belgien"],"relevance":"1.5","region":"Europe","subregion":"Western Europe","translations":{"de":"Belgien","es":"Bélgica","fr":"Belgique","ja":"ベルギー","it":"Belgio"},"population":11248330,"latlng":[50.83333333,4.0],"demonym":"Belgian","area":30528.0,"gini":33.0,"timezones":["UTC+01:00"],"borders":["FRA","DEU","LUX","NLD"],"nativeName":"België","numericCode":"056","currencies":["EUR"],"languages":["nl","fr","de"]},{"name":"Bosnia and Herzegovina","topLevelDomain":[".ba"],"alpha2Code":"BA","alpha3Code":"BIH","callingCodes":["387"],"capital":"Sarajevo","altSpellings":["BA","Bosnia-Herzegovina","Босна и Херцеговина"],"relevance":"0","region":"Europe","subregion":"Southern Europe","translations":{"de":"Bosnien und Herzegowina","es":"Bosnia y Herzegovina","fr":"Bosnie-Herzégovine","ja":"ボスニア・ヘルツェゴビナ","it":"Bosnia ed Erzegovina"},"population":3791622,"latlng":[44.0,18.0],"demonym":"Bosnian, Herzegovinian","area":51209.0,"gini":36.2,"timezones":["UTC+01:00"],"borders":["HRV","MNE","SRB"],"nativeName":"Bosna i Hercegovina","numericCode":"070","currencies":["BAM"],"languages":["bs","hr","sr"]},{"name":"Bulgaria","topLevelDomain":[".bg"],"alpha2Code":"BG","alpha3Code":"BGR","callingCodes":["359"],"capital":"Sofia","altSpellings":["BG","Republic of Bulgaria","Република България"],"relevance":"0","region":"Europe","subregion":"Eastern Europe","translations":{"de":"Bulgarien","es":"Bulgaria","fr":"Bulgarie","ja":"ブルガリア","it":"Bulgaria"},"population":7202198,"latlng":[43.0,25.0],"demonym":"Bulgarian","area":110879.0,"gini":28.2,"timezones":["UTC+02:00"],"borders":["GRC","MKD","ROU","SRB","TUR"],"nativeName":"България","numericCode":"100","currencies":["BGN"],"languages":["bg"]},{"name":"Croatia","topLevelDomain":[".hr"],"alpha2Code":"HR","alpha3Code":"HRV","callingCodes":["385"],"capital":"Zagreb","altSpellings":["HR","Hrvatska","Republic of Croatia","Republika Hrvatska"],"relevance":"0","region":"Europe","subregion":"Southern Europe","translations":{"de":"Kroatien","es":"Croacia","fr":"Croatie","ja":"クロアチア","it":"Croazia"},"population":4246800,"latlng":[45.16666666,15.5],"demonym":"Croatian","area":56594.0,"gini":33.7,"timezones":["UTC+01:00"],"borders":["BIH","HUN","MNE","SRB","SVN"],"nativeName":"Hrvatska","numericCode":"191","currencies":["HRK"],"languages":["hr"]},{"name":"Cyprus","topLevelDomain":[".cy"],"alpha2Code":"CY","alpha3Code":"CYP","callingCodes":["357"],"capital":"Nicosia","altSpellings":["CY","Kýpros","Kıbrıs","Republic of Cyprus","Κυπριακή Δημοκρατία","Kıbrıs Cumhuriyeti"],"relevance":"0","region":"Europe","subregion":"Southern Europe","translations":{"de":"Zypern","es":"Chipre","fr":"Chypre","ja":"キプロス","it":"Cipro"},"population":858000,"latlng":[35.0,33.0],"demonym":"Cypriot","area":9251.0,"gini":null,"timezones":["UTC+02:00"],"borders":["GBR"],"nativeName":"Κύπρος","numericCode":"196","currencies":["EUR"],"languages":["el","tr","hy"]},{"name":"Czech Republic","topLevelDomain":[".cz"],"alpha2Code":"CZ","alpha3Code":"CZE","callingCodes":["420"],"capital":"Prague","altSpellings":["CZ","Česká republika","Česko"],"relevance":"0","region":"Europe","subregion":"Eastern Europe","translations":{"de":"Tschechische Republik","es":"República Checa","fr":"République tchèque","ja":"チェコ","it":"Repubblica Ceca"},"population":10537818,"latlng":[49.75,15.5],"demonym":"Czech","area":78865.0,"gini":26.0,"timezones":["UTC+01:00"],"borders":["AUT","DEU","POL","SVK"],"nativeName":"Česká republika","numericCode":"203","currencies":["CZK"],"languages":["cs","sk"]},{"name":"Denmark","topLevelDomain":[".dk"],"alpha2Code":"DK","alpha3Code":"DNK","callingCodes":["45"],"capital":"Copenhagen","altSpellings":["DK","Danmark","Kingdom of Denmark","Kongeriget Danmark"],"relevance":"1.5","region":"Europe","subregion":"Northern Europe","translations":{"de":"Dänemark","es":"Dinamarca","fr":"Danemark","ja":"デンマーク","it":"Danimarca"},"population":5678348,"latlng":[56.0,10.0],"demonym":"Danish","area":43094.0,"gini":24.0,"timezones":["UTC-04:00","UTC-03:00","UTC-01:00","UTC","UTC+01:00"],"borders":["DEU"],"nativeName":"Danmark","numericCode":"208","currencies":["DKK"],"languages":["da"]},{"name":"Estonia","topLevelDomain":[".ee"],"alpha2Code":"EE","alpha3Code":"EST","callingCodes":["372"],"capital":"Tallinn","altSpellings":["EE","Eesti","Republic of Estonia","Eesti Vabariik"],"relevance":"0","region":"Europe","subregion":"Northern Europe","translations":{"de":"Estland","es":"Estonia","fr":"Estonie","ja":"エストニア","it":"Estonia"},"population":1313271,"latlng":[59.0,26.0],"demonym":"Estonian","area":45227.0,"gini":36.0,"timezones":["UTC+02:00"],"borders":["LVA","RUS"],"nativeName":"Eesti","numericCode":"233","currencies":["EUR"],"languages":["et"]},{"name":"Faroe Islands","topLevelDomain":[".fo"],"alpha2Code":"FO","alpha3Code":"FRO","callingCodes":["298"],"capital":"Tórshavn","altSpellings":["FO","Føroyar","Færøerne"],"relevance":"0.5","region":"Europe","subregion":"Northern Europe","translations":{"de":"Färöer-Inseln","es":"Islas Faroe","fr":"Îles Féroé","ja":"フェロー諸島","it":"Isole Far Oer"},"population":48846,"latlng":[62.0,-7.0],"demonym":"Faroese","area":1393.0,"gini":null,"timezones":["UTC+00:00"],"borders":[],"nativeName":"Føroyar","numericCode":"234","currencies":["DKK"],"languages":["fo"]},{"name":"Finland","topLevelDomain":[".fi"],"alpha2Code":"FI","alpha3Code":"FIN","callingCodes":["358"],"capital":"Helsinki","altSpellings":["FI","Suomi","Republic of Finland","Suomen tasavalta","Republiken Finland"],"relevance":"0.5","region":"Europe","subregion":"Northern Europe","translations":{"de":"Finnland","es":"Finlandia","fr":"Finlande","ja":"フィンランド","it":"Finlandia"},"population":5485215,"latlng":[64.0,26.0],"demonym":"Finnish","area":338424.0,"gini":26.9,"timezones":["UTC+02:00"],"borders":["NOR","SWE","RUS"],"nativeName":"Suomi","numericCode":"246","currencies":["EUR"],"languages":["fi","sv"]},{"name":"France","topLevelDomain":[".fr"],"alpha2Code":"FR","alpha3Code":"FRA","callingCodes":["33"],"capital":"Paris","altSpellings":["FR","French Republic","République française"],"relevance":"2.5","region":"Europe","subregion":"Western Europe","translations":{"de":"Frankreich","es":"Francia","fr":"France","ja":"フランス","it":"Francia"},"population":66186000,"latlng":[46.0,2.0],"demonym":"French","area":640679.0,"gini":32.7,"timezones":["UTC-10:00","UTC-09:30","UTC-09:00","UTC-08:00","UTC-04:00","UTC-03:00","UTC+01:00","UTC+03:00","UTC+04:00","UTC+05:00","UTC+11:00","UTC+12:00"],"borders":["AND","BEL","DEU","ITA","LUX","MCO","ESP","CHE"],"nativeName":"France","numericCode":"250","currencies":["EUR"],"languages":["fr"]},{"name":"Germany","topLevelDomain":[".de"],"alpha2Code":"DE","alpha3Code":"DEU","callingCodes":["49"],"capital":"Berlin","altSpellings":["DE","Federal Republic of Germany","Bundesrepublik Deutschland"],"relevance":"3","region":"Europe","subregion":"Western Europe","translations":{"de":"Deutschland","es":"Alemania","fr":"Allemagne","ja":"ドイツ","it":"Germania"},"population":81083600,"latlng":[51.0,9.0],"demonym":"German","area":357114.0,"gini":28.3,"timezones":["UTC+01:00"],"borders":["AUT","BEL","CZE","DNK","FRA","LUX","NLD","POL","CHE"],"nativeName":"Deutschland","numericCode":"276","currencies":["EUR"],"languages":["de"]},{"name":"Gibraltar","topLevelDomain":[".gi"],"alpha2Code":"GI","alpha3Code":"GIB","callingCodes":["350"],"capital":"Gibraltar","altSpellings":["GI"],"relevance":"0.5","region":"Europe","subregion":"Southern Europe","translations":{"de":"Gibraltar","es":"Gibraltar","fr":"Gibraltar","ja":"ジブラルタル","it":"Gibilterra"},"population":32734,"latlng":[36.13333333,-5.35],"demonym":"Gibraltar","area":6.0,"gini":null,"timezones":["UTC+01:00"],"borders":["ESP"],"nativeName":"Gibraltar","numericCode":"292","currencies":["GIP"],"languages":["en"]},{"name":"Greece","topLevelDomain":[".gr"],"alpha2Code":"GR","alpha3Code":"GRC","callingCodes":["30"],"capital":"Athens","altSpellings":["GR","Elláda","Hellenic Republic","Ελληνική Δημοκρατία"],"relevance":"1.5","region":"Europe","subregion":"Southern Europe","translations":{"de":"Griechenland","es":"Grecia","fr":"Grèce","ja":"ギリシャ","it":"Grecia"},"population":10846979,"latlng":[39.0,22.0],"demonym":"Greek","area":131990.0,"gini":34.3,"timezones":["UTC+02:00"],"borders":["ALB","BGR","TUR","MKD"],"nativeName":"Ελλάδα","numericCode":"300","currencies":["EUR"],"languages":["el"]},{"name":"Guernsey","topLevelDomain":[".gg"],"alpha2Code":"GG","alpha3Code":"GGY","callingCodes":["44"],"capital":"St. Peter Port","altSpellings":["GG","Bailiwick of Guernsey","Bailliage de Guernesey"],"relevance":"0.5","region":"Europe","subregion":"Northern Europe","translations":{"de":"Guernsey","es":"Guernsey","fr":"Guernesey","ja":"ガーンジー","it":"Guernsey"},"population":65150,"latlng":[49.46666666,-2.58333333],"demonym":"Channel Islander","area":78.0,"gini":null,"timezones":["UTC+00:00"],"borders":[],"nativeName":"Guernsey","numericCode":"831","currencies":["GBP"],"languages":["en","fr"]},{"name":"Holy See","topLevelDomain":[".va"],"alpha2Code":"VA","alpha3Code":"VAT","callingCodes":["379"],"capital":"Rome","altSpellings":["Sancta Sedes","Vatican","The Vatican"],"relevance":null,"region":"Europe","subregion":"Southern Europe","translations":{"de":"Heiliger Stuhl","es":"Santa Sede","fr":"voir Saint","ja":"聖座","it":"Santa Sede"},"population":451,"latlng":[41.9,12.45],"demonym":"","area":0.44,"gini":null,"timezones":["UTC+01:00"],"borders":["ITA"],"nativeName":"Sancta Sedes","numericCode":null,"currencies":["EUR"],"languages":["la","it","fr","de"]},{"name":"Hungary","topLevelDomain":[".hu"],"alpha2Code":"HU","alpha3Code":"HUN","callingCodes":["36"],"capital":"Budapest","altSpellings":["HU"],"relevance":"0","region":"Europe","subregion":"Eastern Europe","translations":{"de":"Ungarn","es":"Hungría","fr":"Hongrie","ja":"ハンガリー","it":"Ungheria"},"population":9849000,"latlng":[47.0,20.0],"demonym":"Hungarian","area":93028.0,"gini":31.2,"timezones":["UTC+01:00"],"borders":["AUT","HRV","ROU","SRB","SVK","SVN","UKR"],"nativeName":"Magyarország","numericCode":"348","currencies":["HUF"],"languages":["hu"]},{"name":"Iceland","topLevelDomain":[".is"],"alpha2Code":"IS","alpha3Code":"ISL","callingCodes":["354"],"capital":"Reykjavík","altSpellings":["IS","Island","Republic of Iceland","Lýðveldið Ísland"],"relevance":"0","region":"Europe","subregion":"Northern Europe","translations":{"de":"Island","es":"Islandia","fr":"Islande","ja":"アイスランド","it":"Islanda"},"population":330610,"latlng":[65.0,-18.0],"demonym":"Icelander","area":103000.0,"gini":null,"timezones":["UTC"],"borders":[],"nativeName":"Ísland","numericCode":"352","currencies":["ISK"],"languages":["is"]},{"name":"Republic of Ireland","topLevelDomain":[".ie"],"alpha2Code":"IE","alpha3Code":"IRL","callingCodes":["353"],"capital":"Dublin","altSpellings":["IE","Éire","Republic of Ireland","Poblacht na hÉireann"],"relevance":"1.2","region":"Europe","subregion":"Northern Europe","translations":{"de":"Irland","es":"Irlanda","fr":"Irlande","ja":"アイルランド","it":"Irlanda"},"population":6378000,"latlng":[53.0,-8.0],"demonym":"Irish","area":70273.0,"gini":34.3,"timezones":["UTC"],"borders":["GBR"],"nativeName":"Éire","numericCode":"372","currencies":["EUR"],"languages":["ga","en"]},{"name":"Isle of Man","topLevelDomain":[".im"],"alpha2Code":"IM","alpha3Code":"IMN","callingCodes":["44"],"capital":"Douglas","altSpellings":["IM","Ellan Vannin","Mann","Mannin"],"relevance":"0.5","region":"Europe","subregion":"Northern Europe","translations":{"de":"Insel Man","es":"Isla de Man","fr":"Île de Man","ja":"マン島","it":"Isola di Man"},"population":84497,"latlng":[54.25,-4.5],"demonym":"Manx","area":572.0,"gini":null,"timezones":["UTC+00:00"],"borders":[],"nativeName":"Isle of Man","numericCode":"833","currencies":["GBP"],"languages":["en","gv"]},{"name":"Italy","topLevelDomain":[".it"],"alpha2Code":"IT","alpha3Code":"ITA","callingCodes":["39"],"capital":"Rome","altSpellings":["IT","Italian Republic","Repubblica italiana"],"relevance":"2","region":"Europe","subregion":"Southern Europe","translations":{"de":"Italien","es":"Italia","fr":"Italie","ja":"イタリア","it":"Italia"},"population":60753794,"latlng":[42.83333333,12.83333333],"demonym":"Italian","area":301336.0,"gini":36.0,"timezones":["UTC+01:00"],"borders":["AUT","FRA","SMR","SVN","CHE","VAT"],"nativeName":"Italia","numericCode":"380","currencies":["EUR"],"languages":["it"]},{"name":"Jersey","topLevelDomain":[".je"],"alpha2Code":"JE","alpha3Code":"JEY","callingCodes":["44"],"capital":"Saint Helier","altSpellings":["JE","Bailiwick of Jersey","Bailliage de Jersey","Bailliage dé Jèrri"],"relevance":"0.5","region":"Europe","subregion":"Northern Europe","translations":{"de":"Jersey","es":"Jersey","fr":"Jersey","ja":"ジャージー","it":"Isola di Jersey"},"population":99000,"latlng":[49.25,-2.16666666],"demonym":"Channel Islander","area":116.0,"gini":null,"timezones":["UTC+01:00"],"borders":[],"nativeName":"Jersey","numericCode":"832","currencies":["GBP"],"languages":["en","fr"]},{"name":"Latvia","topLevelDomain":[".lv"],"alpha2Code":"LV","alpha3Code":"LVA","callingCodes":["371"],"capital":"Riga","altSpellings":["LV","Republic of Latvia","Latvijas Republika"],"relevance":"0","region":"Europe","subregion":"Northern Europe","translations":{"de":"Lettland","es":"Letonia","fr":"Lettonie","ja":"ラトビア","it":"Lettonia"},"population":1980700,"latlng":[57.0,25.0],"demonym":"Latvian","area":64559.0,"gini":36.6,"timezones":["UTC+02:00"],"borders":["BLR","EST","LTU","RUS"],"nativeName":"Latvija","numericCode":"428","currencies":["EUR"],"languages":["lv"]},{"name":"Liechtenstein","topLevelDomain":[".li"],"alpha2Code":"LI","alpha3Code":"LIE","callingCodes":["423"],"capital":"Vaduz","altSpellings":["LI","Principality of Liechtenstein","Fürstentum Liechtenstein"],"relevance":"0","region":"Europe","subregion":"Western Europe","translations":{"de":"Liechtenstein","es":"Liechtenstein","fr":"Liechtenstein","ja":"リヒテンシュタイン","it":"Liechtenstein"},"population":37370,"latlng":[47.26666666,9.53333333],"demonym":"Liechtensteiner","area":160.0,"gini":null,"timezones":["UTC+01:00"],"borders":["AUT","CHE"],"nativeName":"Liechtenstein","numericCode":"438","currencies":["CHF"],"languages":["de"]},{"name":"Lithuania","topLevelDomain":[".lt"],"alpha2Code":"LT","alpha3Code":"LTU","callingCodes":["370"],"capital":"Vilnius","altSpellings":["LT","Republic of Lithuania","Lietuvos Respublika"],"relevance":"0","region":"Europe","subregion":"Northern Europe","translations":{"de":"Litauen","es":"Lituania","fr":"Lituanie","ja":"リトアニア","it":"Lituania"},"population":2900787,"latlng":[56.0,24.0],"demonym":"Lithuanian","area":65300.0,"gini":37.6,"timezones":["UTC+02:00"],"borders":["BLR","LVA","POL","RUS"],"nativeName":"Lietuva","numericCode":"440","currencies":["EUR"],"languages":["lt"]},{"name":"Luxembourg","topLevelDomain":[".lu"],"alpha2Code":"LU","alpha3Code":"LUX","callingCodes":["352"],"capital":"Luxembourg","altSpellings":["LU","Grand Duchy of Luxembourg","Grand-Duché de Luxembourg","Großherzogtum Luxemburg","Groussherzogtum Lëtzebuerg"],"relevance":"0","region":"Europe","subregion":"Western Europe","translations":{"de":"Luxemburg","es":"Luxemburgo","fr":"Luxembourg","ja":"ルクセンブルク","it":"Lussemburgo"},"population":562958,"latlng":[49.75,6.16666666],"demonym":"Luxembourger","area":2586.0,"gini":30.8,"timezones":["UTC+01:00"],"borders":["BEL","FRA","DEU"],"nativeName":"Luxembourg","numericCode":"442","currencies":["EUR"],"languages":["fr","de","lb"]},{"name":"Republic of Macedonia","topLevelDomain":[".mk"],"alpha2Code":"MK","alpha3Code":"MKD","callingCodes":["389"],"capital":"Skopje","altSpellings":["MK","Republic of Macedonia","Република Македонија"],"relevance":"0","region":"Europe","subregion":"Southern Europe","translations":{"de":"Mazedonien","es":"Macedonia","fr":"Macédoine","ja":"マケドニア旧ユーゴスラビア共和国","it":"Macedonia"},"population":2058539,"latlng":[41.83333333,22.0],"demonym":"Macedonian","area":25713.0,"gini":43.2,"timezones":["UTC+01:00"],"borders":["ALB","BGR","GRC","KOS","SRB"],"nativeName":"Македонија","numericCode":"807","currencies":["MKD"],"languages":["mk"]},{"name":"Malta","topLevelDomain":[".mt"],"alpha2Code":"MT","alpha3Code":"MLT","callingCodes":["356"],"capital":"Valletta","altSpellings":["MT","Republic of Malta","Repubblika ta' Malta"],"relevance":"0","region":"Europe","subregion":"Southern Europe","translations":{"de":"Malta","es":"Malta","fr":"Malte","ja":"マルタ","it":"Malta"},"population":445426,"latlng":[35.83333333,14.58333333],"demonym":"Maltese","area":316.0,"gini":null,"timezones":["UTC+01:00"],"borders":[],"nativeName":"Malta","numericCode":"470","currencies":["EUR"],"languages":["mt","en"]},{"name":"Moldova","topLevelDomain":[".md"],"alpha2Code":"MD","alpha3Code":"MDA","callingCodes":["373"],"capital":"Chișinău","altSpellings":["MD","Republic of Moldova","Republica Moldova"],"relevance":"0","region":"Europe","subregion":"Eastern Europe","translations":{"de":"Moldawie","es":"Moldavia","fr":"Moldavie","ja":"モルドバ共和国","it":"Moldavia"},"population":3555200,"latlng":[47.0,29.0],"demonym":"Moldovan","area":33846.0,"gini":33.0,"timezones":["UTC+02:00"],"borders":["ROU","UKR"],"nativeName":"Moldova","numericCode":"498","currencies":["MDL"],"languages":["ro"]},{"name":"Monaco","topLevelDomain":[".mc"],"alpha2Code":"MC","alpha3Code":"MCO","callingCodes":["377"],"capital":"Monaco","altSpellings":["MC","Principality of Monaco","Principauté de Monaco"],"relevance":"0","region":"Europe","subregion":"Western Europe","translations":{"de":"Monaco","es":"Mónaco","fr":"Monaco","ja":"モナコ","it":"Principato di Monaco"},"population":37800,"latlng":[43.73333333,7.4],"demonym":"Monegasque","area":2.02,"gini":null,"timezones":["UTC+01:00"],"borders":["FRA"],"nativeName":"Monaco","numericCode":"492","currencies":["EUR"],"languages":["fr"]},{"name":"Montenegro","topLevelDomain":[".me"],"alpha2Code":"ME","alpha3Code":"MNE","callingCodes":["382"],"capital":"Podgorica","altSpellings":["ME","Crna Gora"],"relevance":"0","region":"Europe","subregion":"Southern Europe","translations":{"de":"Montenegro","es":"Montenegro","fr":"Monténégro","ja":"モンテネグロ","it":"Montenegro"},"population":621207,"latlng":[42.5,19.3],"demonym":"Montenegrin","area":13812.0,"gini":30.0,"timezones":["UTC+01:00"],"borders":["ALB","BIH","HRV","KOS","SRB"],"nativeName":"Црна Гора","numericCode":"499","currencies":["EUR"],"languages":["sr","bs","sq","hr"]},{"name":"Netherlands","topLevelDomain":[".nl"],"alpha2Code":"NL","alpha3Code":"NLD","callingCodes":["31"],"capital":"Amsterdam","altSpellings":["NL","Holland","Nederland"],"relevance":"1.5","region":"Europe","subregion":"Western Europe","translations":{"de":"Niederlande","es":"Países Bajos","fr":"Pays-Bas","ja":"オランダ","it":"Paesi Bassi"},"population":16916000,"latlng":[52.5,5.75],"demonym":"Dutch","area":41850.0,"gini":30.9,"timezones":["UTC-04:00","UTC+01:00"],"borders":["BEL","DEU"],"nativeName":"Nederland","numericCode":"528","currencies":["EUR"],"languages":["nl"]},{"name":"Norway","topLevelDomain":[".no"],"alpha2Code":"NO","alpha3Code":"NOR","callingCodes":["47"],"capital":"Oslo","altSpellings":["NO","Norge","Noreg","Kingdom of Norway","Kongeriket Norge","Kongeriket Noreg"],"relevance":"1.5","region":"Europe","subregion":"Northern Europe","translations":{"de":"Norwegen","es":"Noruega","fr":"Norvège","ja":"ノルウェー","it":"Norvegia"},"population":5176998,"latlng":[62.0,10.0],"demonym":"Norwegian","area":323802.0,"gini":25.8,"timezones":["UTC+01:00"],"borders":["FIN","SWE","RUS"],"nativeName":"Norge","numericCode":"578","currencies":["NOK"],"languages":["no","nb","nn"]},{"name":"Poland","topLevelDomain":[".pl"],"alpha2Code":"PL","alpha3Code":"POL","callingCodes":["48"],"capital":"Warsaw","altSpellings":["PL","Republic of Poland","Rzeczpospolita Polska"],"relevance":"1.25","region":"Europe","subregion":"Eastern Europe","translations":{"de":"Polen","es":"Polonia","fr":"Pologne","ja":"ポーランド","it":"Polonia"},"population":38484000,"latlng":[52.0,20.0],"demonym":"Polish","area":312679.0,"gini":34.1,"timezones":["UTC+01:00"],"borders":["BLR","CZE","DEU","LTU","RUS","SVK","UKR"],"nativeName":"Polska","numericCode":"616","currencies":["PLN"],"languages":["pl"]},{"name":"Portugal","topLevelDomain":[".pt"],"alpha2Code":"PT","alpha3Code":"PRT","callingCodes":["351"],"capital":"Lisbon","altSpellings":["PT","Portuguesa","Portuguese Republic","República Portuguesa"],"relevance":"1.5","region":"Europe","subregion":"Southern Europe","translations":{"de":"Portugal","es":"Portugal","fr":"Portugal","ja":"ポルトガル","it":"Portogallo"},"population":10374822,"latlng":[39.5,-8.0],"demonym":"Portuguese","area":92090.0,"gini":38.5,"timezones":["UTC-01:00","UTC"],"borders":["ESP"],"nativeName":"Portugal","numericCode":"620","currencies":["EUR"],"languages":["pt"]},{"name":"Republic of Kosovo","topLevelDomain":[""],"alpha2Code":"XK","alpha3Code":"KOS","callingCodes":["383"],"capital":"Pristina","altSpellings":["XK","Република Косово"],"relevance":"0","region":"Europe","subregion":"Eastern Europe","translations":{"de":null,"es":"Kosovo","fr":null,"ja":null,"it":null},"population":1733842,"latlng":[42.666667,21.166667],"demonym":"Kosovar","area":10908.0,"gini":null,"timezones":["UTC+01:00"],"borders":["ALB","MKD","MNE","SRB"],"nativeName":"Republika e Kosovës","numericCode":"780","currencies":["EUR"],"languages":["sq","sr"]},{"name":"Romania","topLevelDomain":[".ro"],"alpha2Code":"RO","alpha3Code":"ROU","callingCodes":["40"],"capital":"Bucharest","altSpellings":["RO","Rumania","Roumania","România"],"relevance":"0","region":"Europe","subregion":"Eastern Europe","translations":{"de":"Rumänien","es":"Rumania","fr":"Roumanie","ja":"ルーマニア","it":"Romania"},"population":19942642,"latlng":[46.0,25.0],"demonym":"Romanian","area":238391.0,"gini":30.0,"timezones":["UTC+02:00"],"borders":["BGR","HUN","MDA","SRB","UKR"],"nativeName":"România","numericCode":"642","currencies":["RON"],"languages":["ro"]},{"name":"Russia","topLevelDomain":[".ru"],"alpha2Code":"RU","alpha3Code":"RUS","callingCodes":["7"],"capital":"Moscow","altSpellings":["RU","Rossiya","Russian Federation","Российская Федерация","Rossiyskaya Federatsiya"],"relevance":"2.5","region":"Europe","subregion":"Eastern Europe","translations":{"de":"Russland","es":"Rusia","fr":"Russie","ja":"ロシア連邦","it":"Russia"},"population":146556330,"latlng":[60.0,100.0],"demonym":"Russian","area":1.7124442E7,"gini":40.1,"timezones":["UTC+03:00","UTC+04:00","UTC+06:00","UTC+07:00","UTC+08:00","UTC+09:00","UTC+10:00","UTC+11:00","UTC+12:00"],"borders":["AZE","BLR","CHN","EST","FIN","GEO","KAZ","PRK","LVA","LTU","MNG","NOR","POL","UKR"],"nativeName":"Россия","numericCode":"643","currencies":["RUB"],"languages":["ru"]},{"name":"San Marino","topLevelDomain":[".sm"],"alpha2Code":"SM","alpha3Code":"SMR","callingCodes":["378"],"capital":"City of San Marino","altSpellings":["SM","Republic of San Marino","Repubblica di San Marino"],"relevance":"0","region":"Europe","subregion":"Southern Europe","translations":{"de":"San Marino","es":"San Marino","fr":"Saint-Marin","ja":"サンマリノ","it":"San Marino"},"population":32831,"latlng":[43.76666666,12.41666666],"demonym":"Sammarinese","area":61.0,"gini":null,"timezones":["UTC+01:00"],"borders":["ITA"],"nativeName":"San Marino","numericCode":"674","currencies":["EUR"],"languages":["it"]},{"name":"Serbia","topLevelDomain":[".rs"],"alpha2Code":"RS","alpha3Code":"SRB","callingCodes":["381"],"capital":"Belgrade","altSpellings":["RS","Srbija","Republic of Serbia","Република Србија","Republika Srbija"],"relevance":"0","region":"Europe","subregion":"Southern Europe","translations":{"de":"Serbien","es":"Serbia","fr":"Serbie","ja":"セルビア","it":"Serbia"},"population":7114393,"latlng":[44.0,21.0],"demonym":"Serbian","area":88361.0,"gini":27.8,"timezones":["UTC+01:00"],"borders":["BIH","BGR","HRV","HUN","KOS","MKD","MNE","ROU"],"nativeName":"Србија","numericCode":"688","currencies":["RSD"],"languages":["sr"]},{"name":"Slovakia","topLevelDomain":[".sk"],"alpha2Code":"SK","alpha3Code":"SVK","callingCodes":["421"],"capital":"Bratislava","altSpellings":["SK","Slovak Republic","Slovenská republika"],"relevance":"0","region":"Europe","subregion":"Eastern Europe","translations":{"de":"Slowakei","es":"República Eslovaca","fr":"Slovaquie","ja":"スロバキア","it":"Slovacchia"},"population":5421349,"latlng":[48.66666666,19.5],"demonym":"Slovak","area":49037.0,"gini":26.0,"timezones":["UTC+01:00"],"borders":["AUT","CZE","HUN","POL","UKR"],"nativeName":"Slovensko","numericCode":"703","currencies":["EUR"],"languages":["sk"]},{"name":"Slovenia","topLevelDomain":[".si"],"alpha2Code":"SI","alpha3Code":"SVN","callingCodes":["386"],"capital":"Ljubljana","altSpellings":["SI","Republic of Slovenia","Republika Slovenija"],"relevance":"0","region":"Europe","subregion":"Southern Europe","translations":{"de":"Slowenien","es":"Eslovenia","fr":"Slovénie","ja":"スロベニア","it":"Slovenia"},"population":2067683,"latlng":[46.11666666,14.81666666],"demonym":"Slovene","area":20273.0,"gini":31.2,"timezones":["UTC+01:00"],"borders":["AUT","HRV","ITA","HUN"],"nativeName":"Slovenija","numericCode":"705","currencies":["EUR"],"languages":["sl"]},{"name":"Spain","topLevelDomain":[".es"],"alpha2Code":"ES","alpha3Code":"ESP","callingCodes":["34"],"capital":"Madrid","altSpellings":["ES","Kingdom of Spain","Reino de España"],"relevance":"2","region":"Europe","subregion":"Southern Europe","translations":{"de":"Spanien","es":"España","fr":"Espagne","ja":"スペイン","it":"Spagna"},"population":46439864,"latlng":[40.0,-4.0],"demonym":"Spanish","area":505992.0,"gini":34.7,"timezones":["UTC","UTC+01:00"],"borders":["AND","FRA","GIB","PRT","MAR"],"nativeName":"España","numericCode":"724","currencies":["EUR"],"languages":["es"]},{"name":"Svalbard and Jan Mayen","topLevelDomain":[".sj"],"alpha2Code":"SJ","alpha3Code":"SJM","callingCodes":["4779"],"capital":"Longyearbyen","altSpellings":["SJ","Svalbard and Jan Mayen Islands"],"relevance":"0.5","region":"Europe","subregion":"Northern Europe","translations":{"de":"Svalbard und Jan Mayen","es":"Islas Svalbard y Jan Mayen","fr":"Svalbard et Jan Mayen","ja":"スヴァールバル諸島およびヤンマイエン島","it":"Svalbard e Jan Mayen"},"population":2562,"latlng":[78.0,20.0],"demonym":"Norwegian","area":null,"gini":null,"timezones":["UTC+01:00"],"borders":[],"nativeName":"Svalbard og Jan Mayen","numericCode":"744","currencies":["NOK"],"languages":["no"]},{"name":"Sweden","topLevelDomain":[".se"],"alpha2Code":"SE","alpha3Code":"SWE","callingCodes":["46"],"capital":"Stockholm","altSpellings":["SE","Kingdom of Sweden","Konungariket Sverige"],"relevance":"1.5","region":"Europe","subregion":"Northern Europe","translations":{"de":"Schweden","es":"Suecia","fr":"Suède","ja":"スウェーデン","it":"Svezia"},"population":9793172,"latlng":[62.0,15.0],"demonym":"Swedish","area":450295.0,"gini":25.0,"timezones":["UTC+01:00"],"borders":["FIN","NOR"],"nativeName":"Sverige","numericCode":"752","currencies":["SEK"],"languages":["sv"]},{"name":"Switzerland","topLevelDomain":[".ch"],"alpha2Code":"CH","alpha3Code":"CHE","callingCodes":["41"],"capital":"Bern","altSpellings":["CH","Swiss Confederation","Schweiz","Suisse","Svizzera","Svizra"],"relevance":"1.5","region":"Europe","subregion":"Western Europe","translations":{"de":"Schweiz","es":"Suiza","fr":"Suisse","ja":"スイス","it":"Svizzera"},"population":8256000,"latlng":[47.0,8.0],"demonym":"Swiss","area":41284.0,"gini":33.7,"timezones":["UTC+01:00"],"borders":["AUT","FRA","ITA","LIE","DEU"],"nativeName":"Schweiz","numericCode":"756","currencies":["CHE","CHF","CHW"],"languages":["de","fr","it"]},{"name":"Ukraine","topLevelDomain":[".ua"],"alpha2Code":"UA","alpha3Code":"UKR","callingCodes":["380"],"capital":"Kiev","altSpellings":["UA","Ukrayina"],"relevance":"0","region":"Europe","subregion":"Eastern Europe","translations":{"de":"Ukraine","es":"Ucrania","fr":"Ukraine","ja":"ウクライナ","it":"Ucraina"},"population":42836922,"latlng":[49.0,32.0],"demonym":"Ukrainian","area":603700.0,"gini":26.4,"timezones":["UTC+02:00"],"borders":["BLR","HUN","MDA","POL","ROU","RUS","SVK"],"nativeName":"Україна","numericCode":"804","currencies":["UAH"],"languages":["uk"]},{"name":"United Kingdom","topLevelDomain":[".uk"],"alpha2Code":"GB","alpha3Code":"GBR","callingCodes":["44"],"capital":"London","altSpellings":["GB","UK","Great Britain"],"relevance":"2.5","region":"Europe","subregion":"Northern Europe","translations":{"de":"Vereinigtes Königreich","es":"Reino Unido","fr":"Royaume-Uni","ja":"イギリス","it":"Regno Unito"},"population":64800000,"latlng":[54.0,-2.0],"demonym":"British","area":242900.0,"gini":34.0,"timezones":["UTC-08:00","UTC-05:00","UTC-04:00","UTC-03:00","UTC-02:00","UTC","UTC+01:00","UTC+02:00","UTC+06:00"],"borders":["IRL"],"nativeName":"United Kingdom","numericCode":"826","currencies":["GBP"],"languages":["en"]}]